weights	features	abs_weight
0.637492778664968	HMDB0007973_8/	0.637492778664968
