Factors	p.adj	means	standard_deviation
Factor1	0.0011520489202546	2.00710570582977	0.0805735993021417
Factor2	0.578767186508471	-0.32536244392395	0.458886718863042
Factor3	0.169398784685499	-0.555355329353076	-0.304460004632556
