Factors	p.adj	means	standard_deviation
Factor1	0.0011520489202546	2.00561758646598	0.0811924259977512
Factor2	0.169398784685499	0.558897623935571	-0.308748206107913
Factor3	0.613869776743649	-0.315579526126385	0.466387299058856
