weights	features	abs_weight
0.637381789181642	HMDB0007973_8/	0.637381789181642
