Factors	p.adj	means	standard_deviation
Factor1	2.76383050536136e-25	3.08419303112484	-0.0118662028638673
Factor2	0.186216132011586	0.361545680897818	0.86429693345205
Factor3	0.000208403559612378	-0.0528697115390404	0.0298927533722932
