weights	features	abs_weight
0.534884148426714	CDK16	0.534884148426714
0.637955018045917	EIF2S3	0.637955018045917
0.68604341563924	EIF1AX	0.68604341563924
0.705319793904968	USP9X	0.705319793904968
0.761130396519979	SMC1A	0.761130396519979
0.767852844558628	TXLNG	0.767852844558628
0.787027252814638	ZFX	0.787027252814638
0.846541494047934	KDM6A	0.846541494047934
0.96091704566291	UBA1	0.96091704566291
1	KDM5C	1
