n_significant_factors	summed_p.adj	n_factors
1	0.0011520489202546	3_factors
1	0.00153606522700613	4_factors
1	0.00246524238986212	5_factors
1	0.00376824413976117	6_factors
1	0.00556467896082918	7_factors
1	0.00715458723535181	9_factors
1	0.00794954137261312	10_factors
1	0.00799184662423322	8_factors
#ONLY THE TOP 3 MOFA MODELS ARE RETAINED#
