shapiro_pvalue	p_val	log2FC	NAME	padj
0.0820036124885462	3.74978366632694e-05	-1.16687402933277	HMDB0010715_1	0.0131680864565506
0.763499387022756	0.000130377093629214	-0.714149880224206	HMDB0000875	0.0131680864565506
0.820543451309966	9.73020787262273e-05	-0.620753796355711	HMDB0008164	0.0131680864565506
0.0182458416588256	0.000384016306751534	-1.19988188637341	HMDB0000786	0.0277040335585035
0.0173052380923865	0.000628040689960195	-1.0234307089228	UNKNOWN92	0.0317160548429898
0.012620125758321	0.000794954137261312	-1.1899632887884	UNKNOWN41	0.0334543199430802
0.778672403544949	0.000794954137261312	-0.653485850490295	HMDB0008902	0.0334543199430802
0.335731582596582	0.000998980828029152	-1.03592162875127	HMDB0002641	0.0336323545436481
