Numeric_clinical_feature	p.value	Correlation(R)	p.adj
AGE	0.0184727818680212	-0.458539951121597	0.0554183456040636
AvgSpotLen	0.0481321695329028	0.391200599707221	0.0721982542993542
Bases	0.472842499627742	0.147256164814916	0.472842499627742
